<?xml version="1.0" encoding="UTF-8" standalone="no"?>
<!--Generated by IBM Migration Application Bundler 0.0.29.1
Thu Jul 03 11:44:55 UTC 2025--><server description="Configuration generated by binaryAppScanner">
    <featureManager>
        <!--The following features are available in all editions of Liberty.-->
        <feature>beanValidation-3.0</feature>
        <feature>connectors-2.1</feature>
        <feature>persistence-3.1</feature>
        <feature>ssl-1.0</feature>
        <feature>jndi-1.0</feature>
        <feature>restfulWSClient-3.1</feature>
        <feature>transportSecurity-1.0</feature>
        <feature>appSecurity-5.0</feature>
        <feature>jdbc-4.3</feature>
        <feature>pages-3.1</feature>
        <feature>messagingClient-3.0</feature>
        <feature>mail-2.1</feature>
        <feature>persistenceContainer-3.1</feature>
        <feature>cdi-4.0</feature>
        <feature>servlet-6.0</feature>
        <feature>xmlBinding-4.0</feature>
        <feature>managedBeans-2.0</feature>
        <feature>jsonb-3.0</feature>
        <feature>federatedRegistry-1.0</feature>
        <feature>concurrent-3.0</feature>
        <feature>restfulWS-3.1</feature>
        <feature>wmqMessagingClient-3.0</feature>
        <feature>jsonp-2.1</feature>
        <feature>ldapRegistry-3.0</feature>
        <feature>websocket-2.1</feature>
        <feature>faces-4.0</feature>
    </featureManager>
    <!-- This configuration was migrated on 7/3/25 at 7:37:24 AM from the following location: /home/techzone/IBM/WebSphere/AppServer/profiles/Dmgr01 -->
    <!-- The binary scanner does not support the migration of all WebSphere traditional configuration elements. Check the binary scanner documentation for the list of supported configuration elements. -->
    <applicationManager autoExpand="true"/>
    <httpEndpoint host="${httpEndpoint_host}" httpPort="${httpEndpoint_port}" httpsPort="${httpEndpoint_secure_port}" id="defaultHttpEndpoint"/>
    <iiopEndpoint host="${BOOTSTRAP_ADDRESS_host}" id="defaultIiopEndpoint" iiopPort="${BOOTSTRAP_ADDRESS_port}">
        <iiopsOptions iiopsPort="${CSIV2_SSL_SERVERAUTH_LISTENER_ADDRESS}" sslRef="defaultSSLConfig"/>
    </iiopEndpoint>
    <webApplication contextRoot="/tWAS" id="WhereAmI-2_0_0_war.ear" location="WhereAmI-2.0.0.war"/>
    <transaction propogatedOrBMTTranLifetimeTimeout="300"/>
    <!--<keyStore id="NodeDefaultKeyStore_rhel9-baseCell01_KeyStore_7" location="${NodeDefaultKeyStore_rhel9_baseCell01_KeyStore_7_location}" password="${NodeDefaultKeyStore_rhel9_baseCell01_KeyStore_7_password}"/>
-->
    <!--<keyStore id="CellDefaultTrustStore_rhel9-baseCell01_KeyStore_2" location="${CellDefaultTrustStore_rhel9_baseCell01_KeyStore_2_location}" password="${CellDefaultTrustStore_rhel9_baseCell01_KeyStore_2_password}"/>
-->
    <!--<ssl id="NodeDefaultSSLSettings_rhel9-baseCell01_SSLConfig_2" keyStoreRef="NodeDefaultKeyStore_rhel9-baseCell01_KeyStore_7" sslProtocol="${NodeDefaultSSLSettings_rhel9_baseCell01_SSLConfig_2_sslProtocol}" trustStoreRef="CellDefaultTrustStore_rhel9-baseCell01_KeyStore_2"/>
-->
    <!--<sslDefault sslRef="NodeDefaultSSLSettings_rhel9-baseCell01_SSLConfig_2"/>
-->
    <include location="rhel9-baseCell01_mime-types.xml" onConflict="MERGE" optional="true"/>
    <!-- The following variables, which often differ between environments, have been extracted from the migrated configuration to allow for easy substitution. -->
    <variable defaultValue="*" name="BOOTSTRAP_ADDRESS_host"/>
    <variable defaultValue="2809" name="BOOTSTRAP_ADDRESS_port"/>
    <!--<variable defaultValue="WhereAmI-2_0_0_war_ear_rhel9-baseCell01_CellDefaultTrustStore_trust.p12" name="CellDefaultTrustStore_rhel9_baseCell01_KeyStore_2_location"/>
-->
    <variable defaultValue="9403" name="CSIV2_SSL_SERVERAUTH_LISTENER_ADDRESS"/>
    <variable defaultValue="*" name="httpEndpoint_host"/>
    <variable defaultValue="9080" name="httpEndpoint_port"/>
    <variable defaultValue="9443" name="httpEndpoint_secure_port"/>
    <!--<variable defaultValue="WhereAmI-2_0_0_war_ear_rhel9-baseNode01_NodeDefaultKeyStore_key.p12" name="NodeDefaultKeyStore_rhel9_baseCell01_KeyStore_7_location"/>
-->
    <variable defaultValue="TLSv1.3,TLSv1.2" name="NodeDefaultSSLSettings_rhel9_baseCell01_SSLConfig_2_sslProtocol"/>
    <!-- The following variables are used to replace sensitive data in the server.xml file for the application.
         The values for these variables were not collected because the includeSensitiveData option was not specified.
    -->
    <!--<variable defaultValue="" name="CellDefaultTrustStore_rhel9_baseCell01_KeyStore_2_password"/>
-->
    <!--<variable defaultValue="" name="NodeDefaultKeyStore_rhel9_baseCell01_KeyStore_7_password"/>
-->
</server>
