{
   "domain": "javaAppServer",
   "middleware": "was",
   "host": "rhel9-base.gym.lan",
   "assessmentUnitName": "modresorts-1_0-java8_war.ear",
   "applicationName": "modresorts-1_0-java8_war.ear",
   "checksum": "ef62de6439f326a9e563807efc3a6e570cea75353d581a4ad30bcecaa9d8342e",
   "dcVersion": "",
   "binaryScannerVersion": "25.0.0.2",
   "collectionUnitType": "profile",
   "collectionUnitName": "Dmgr01",
   "isVirtual": "false",
   "serverXml": {
      "server": {
         "applicationManager": {
            "autoExpand": "true"
         },
         "description": "Configuration generated by binaryAppScanner",
         "featureManager": {
            "feature": [
               "servlet-3.1",
               "transportSecurity-1.0"
            ]
         },
         "httpEndpoint": {
            "host": "${httpEndpoint_host_1}",
            "httpPort": "${httpEndpoint_port_1}",
            "httpsPort": "${httpEndpoint_secure_port_1}",
            "id": "defaultHttpEndpoint"
         },
         "iiopEndpoint": {
            "host": "${BOOTSTRAP_ADDRESS_host_1}",
            "id": "defaultIiopEndpoint",
            "iiopPort": "${BOOTSTRAP_ADDRESS_port_1}",
            "iiopsOptions": {
               "iiopsPort": "${CSIV2_SSL_SERVERAUTH_LISTENER_ADDRESS_1}",
               "sslRef": "defaultSSLConfig"
            }
         },
         "include": {
            "location": "rhel9-baseCell01_mime-types.xml",
            "onConflict": "MERGE",
            "optional": "true"
         },
         "keyStore": [
            {
               "id": "NodeDefaultKeyStore_rhel9-baseCell01_KeyStore_1750264500549",
               "location": "${NodeDefaultKeyStore_rhel9_baseCell01_KeyStore_1750264500549_location}",
               "password": "${NodeDefaultKeyStore_rhel9_baseCell01_KeyStore_1750264500549_password}"
            },
            {
               "id": "CellDefaultTrustStore_rhel9-baseCell01_KeyStore_2",
               "location": "${CellDefaultTrustStore_rhel9_baseCell01_KeyStore_2_location}",
               "password": "${CellDefaultTrustStore_rhel9_baseCell01_KeyStore_2_password}"
            }
         ],
         "ssl": {
            "id": "NodeDefaultSSLSettings_rhel9-baseCell01_SSLConfig_1750264500549",
            "keyStoreRef": "NodeDefaultKeyStore_rhel9-baseCell01_KeyStore_1750264500549",
            "sslProtocol": "${NodeDefaultSSLSettings_rhel9_baseCell01_SSLConfig_1750264500549_sslProtocol}",
            "trustStoreRef": "CellDefaultTrustStore_rhel9-baseCell01_KeyStore_2"
         },
         "sslDefault": {
            "sslRef": "NodeDefaultSSLSettings_rhel9-baseCell01_SSLConfig_1750264500549"
         },
         "transaction": {
            "propogatedOrBMTTranLifetimeTimeout": "300"
         },
         "variable": [
            {
               "defaultValue": "rhel9-base.gym.lan",
               "name": "BOOTSTRAP_ADDRESS_host_1"
            },
            {
               "defaultValue": "2813",
               "name": "BOOTSTRAP_ADDRESS_port_1"
            },
            {
               "defaultValue": "modresorts-1_0-java8_war_ear_rhel9-baseCell01_CellDefaultTrustStore_trust.p12",
               "name": "CellDefaultTrustStore_rhel9_baseCell01_KeyStore_2_location"
            },
            {
               "defaultValue": "9411",
               "name": "CSIV2_SSL_SERVERAUTH_LISTENER_ADDRESS_1"
            },
            {
               "defaultValue": "*",
               "name": "httpEndpoint_host_1"
            },
            {
               "defaultValue": "9082",
               "name": "httpEndpoint_port_1"
            },
            {
               "defaultValue": "9445",
               "name": "httpEndpoint_secure_port_1"
            },
            {
               "defaultValue": "modresorts-1_0-java8_war_ear_rhel9-baseNode02_NodeDefaultKeyStore_key.p12",
               "name": "NodeDefaultKeyStore_rhel9_baseCell01_KeyStore_1750264500549_location"
            },
            {
               "defaultValue": "TLSv1.3,TLSv1.2",
               "name": "NodeDefaultSSLSettings_rhel9_baseCell01_SSLConfig_1750264500549_sslProtocol"
            },
            {
               "defaultValue": "",
               "name": "CellDefaultTrustStore_rhel9_baseCell01_KeyStore_2_password"
            },
            {
               "defaultValue": "",
               "name": "NodeDefaultKeyStore_rhel9_baseCell01_KeyStore_1750264500549_password"
            }
         ],
         "webApplication": {
            "contextRoot": "/resorts",
            "id": "modresorts-1_0-java8_war.ear",
            "location": "modresorts-1.0-java8.war"
         }
      }
   }
}