{"_id":"963e827d-ecbe-478d-8540-5d715434aa88_Dmgr01_55c53229-5869-4128-a8c7-6228b3564390_WhereAmI-2_0_0_war.ear_json","_rev":"1-728a3166062fc1bbc5c5d6496303a480","profileName":"Dmgr01","created":1751542675944,"taskname":"963e827d-ecbe-478d-8540-5d715434aa88","buildID":"v20250605_1050","type":"json","version":"2.3","productVersion":"25.0.0.2","overallSummary":{"openLiberty":true,"libertyCore":true,"liberty":true,"websphereTraditional":true,"ndLiberty":true,"ndTraditional":true,"zosLiberty":true,"zosTraditional":true},"report":"technology","options":["--baseEdition","--coreEdition","--includeHelpLocation","--liberty","--ndEdition","--traditional","--zosEdition","--excludePackages\u003dch.qos,com.cloudant,com.cognos,com.fasterxml,com.filenet,com.ibatis,com.ibm,com.informix,com.lowagie,com.mchange,com.meterware,com.microsoft,com.mongodb,com.mysql,com.sun,com.sybase,filenet,freemarker,groovy,jakarta,java,javax,net,oracle,org,sqlj,sun,twitter4j,_ibmjsp"],"name":"WhereAmI-2_0_0_war.ear.eval","tenantId":"55c53229-5869-4128-a8c7-6228b3564390","id":"963e827d-ecbe-478d-8540-5d715434aa88_Dmgr01_55c53229-5869-4128-a8c7-6228b3564390_WhereAmI-2_0_0_war.ear_json","applicationName":"WhereAmI-2_0_0_war.ear","productRelease":"25.0.0.2","applications":[{"application":"/home/techzone/IBM/WebSphere/AppServer/profiles/Dmgr01/config/cells/rhel9-baseCell01/applications/WhereAmI-2_0_0_war.ear/WhereAmI-2_0_0_war.ear","summary":{"openLiberty":true,"libertyCore":true,"liberty":true,"websphereTraditional":true,"ndLiberty":true,"ndTraditional":true,"zosLiberty":true,"zosTraditional":true},"technologies":[{"technology":"Java Servlet","openLiberty":true,"libertyCore":true,"liberty":true,"websphereTraditional":true,"ndLiberty":true,"ndTraditional":true,"zosLiberty":true,"zosTraditional":true}],"incompleteReportErrors":[],"footnotes":[]}]}