{"_id":"963e827d-ecbe-478d-8540-5d715434aa88_Dmgr01_55c53229-5869-4128-a8c7-6228b3564390_WhereAmI-2_0_0_war.ear_json","_rev":"1-8fcbf116fc751828601f7145859daef2","summary":{"servlets":1,"jsps":0,"jpaEntities":0,"bmpEntityBeans":0,"cmpEntityBeans":0,"messageDrivenBeans":0,"singletonSessionBeans":0,"statefulSessionBeans":0,"statelessSessionBeans":0,"jaxrpcConsumers":0,"jaxrpcProviders":0,"jaxrsConsumers":0,"jaxrsProviders":0,"jaxwsConsumers":0,"jaxwsProviders":0,"springBeans":0},"profileName":"Dmgr01","archives":{"ears":1,"wars":1,"rars":0,"ejbs":0,"webFragments":0,"utilityJars":0,"appClients":0},"created":1751542675945,"archiveInventory":[{"archiveName":"/home/techzone/IBM/WebSphere/AppServer/profiles/Dmgr01/config/cells/rhel9-baseCell01/applications/WhereAmI-2_0_0_war.ear/WhereAmI-2_0_0_war.ear","moduleType":"Enterprise archive","moduleVersion":"5","moduleSize":5027,"checksum":"22b221417686f74bc86a97d767eaa4507ee513785b72bf84df22ee1da74992ed","archives":{"wars":1,"rars":0,"ejbs":0,"utilityJars":0,"appClients":0},"summary":{"servlets":1,"jsps":0,"jpaEntities":0,"bmpEntityBeans":0,"cmpEntityBeans":0,"messageDrivenBeans":0,"singletonSessionBeans":0,"statefulSessionBeans":0,"statelessSessionBeans":0,"jaxrpcConsumers":0,"jaxrpcProviders":0,"jaxrsConsumers":0,"jaxrsProviders":0,"jaxwsConsumers":0,"jaxwsProviders":0,"springBeans":0},"potentialDeploymentProblemsSummary":{"archivesContainingDuplicateClasses":0,"archivesContainingJavaEEorSEClasses":0,"archivesContainingConflictingOpenSourceSoftwareClasses":0,"archivesContainingWebSphereClasses":0,"archivesNotReferencedInTheApplication":0,"archivesWithMissingDependenciesInTheApplication":0,"classesWithSystemLevelJVMConfiguration":0,"sharedLibrariesReferencingApplicationClasses":0},"potentialDeploymentProblemsDetails":[{"duplicateClassesWithinClassLoader":[]},{"duplicateClassesAcrossApplication":[]},{"javaEEandSEClasses":[]},{"duplicateWebSphereClasses":[]},{"openSourceSoftwareClasses":[]},{"archivesNotReferenced":[]},{"missingDependencies":[]},{"classesWithSystemLevelJVMConfiguration":[]},{"sharedLibraryDependencies":[]}],"performanceConsiderations":{"archivesThatAreCandidatesForMetadataCompleteTrueAttribute":[],"webModulesWithExcessiveClassFiles":[],"webModulesWithExcessiveStaticResources":[]},"operationalConsiderations":{"deploymentTargets":{"clusters":[{"name":"tWASCluster1","clusterId":"tWASCluster1_ServerCluster_1751471147575","type":"static","minSize":"2","maxSize":"2","isConfigDefault":true,"members":[{"name":"tWASMember1","node":"rhel9-baseNode01"},{"name":"tWASMember2","node":"rhel9-baseNode01"}]}],"nonClusteredServers":[{"name":"webserver1","node":"rhel9-baseNode01","type":"WEB_SERVER"}]}},"containedArchiveInventory":[{"archiveName":"/home/techzone/IBM/WebSphere/AppServer/profiles/Dmgr01/config/cells/rhel9-baseCell01/applications/WhereAmI-2_0_0_war.ear/WhereAmI-2_0_0_war.ear/WhereAmI-2.0.0.war","moduleType":"Web module","metadataComplete":"Unspecified","checksum":"22b221417686f74bc86a97d767eaa4507ee513785b72bf84df22ee1da74992ed","archives":{"ejbs":0,"webFragments":0,"utilityJars":0},"summary":{"servlets":1,"jsps":0,"jpaEntities":0,"bmpEntityBeans":0,"cmpEntityBeans":0,"messageDrivenBeans":0,"singletonSessionBeans":0,"statefulSessionBeans":0,"statelessSessionBeans":0,"jaxrpcConsumers":0,"jaxrpcProviders":0,"jaxrsConsumers":0,"jaxrsProviders":0,"jaxwsConsumers":0,"jaxwsProviders":0,"springBeans":0}}]}],"taskname":"963e827d-ecbe-478d-8540-5d715434aa88","buildID":"v20250605_1050","type":"json","version":"4.0","sharedLibraries":[],"productVersion":"25.0.0.2","report":"inventory","options":["--includeHelpLocation","--maxUserDefinedRuleResults\u003d100","--userRuleLocation\u003d/home/techzone/Downloads/transformationadvisor-4.3.0/bin/../conf/userDefinedRules","--excludePackages\u003dch.qos,com.cloudant,com.cognos,com.fasterxml,com.filenet,com.ibatis,com.ibm,com.informix,com.lowagie,com.mchange,com.meterware,com.microsoft,com.mongodb,com.mysql,com.sun,com.sybase,filenet,freemarker,groovy,jakarta,java,javax,net,oracle,org,sqlj,sun,twitter4j,_ibmjsp"],"sharedLibraryDetails":[],"name":"WhereAmI-2_0_0_war.ear.inventory","tenantId":"55c53229-5869-4128-a8c7-6228b3564390","id":"963e827d-ecbe-478d-8540-5d715434aa88_Dmgr01_55c53229-5869-4128-a8c7-6228b3564390_WhereAmI-2_0_0_war.ear_json","applicationName":"WhereAmI-2_0_0_war.ear","productRelease":"25.0.0.2","applications":["/home/techzone/IBM/WebSphere/AppServer/profiles/Dmgr01/config/cells/rhel9-baseCell01/applications/WhereAmI-2_0_0_war.ear/WhereAmI-2_0_0_war.ear"]}